graph_type,n_left,n_right,num_vertices,num_edges,density,average_degree,max_degree,degree_variance,degree_gini,param,trial,seed,optimal_size,greedy_size,random_greedy_size,modern_estimate,modern_mu1,modern_mu2,selected_case,M_size,Mprime_estimate,B1_estimate,B2_estimate,unmatched_num_vertices,copied_num_vertices,case1_copied_num_vertices,case2_copied_num_vertices,epsilon,k,sparsify_c,greedy_ratio,random_greedy_ratio,modern_ratio,modern_error,modern_relative_error,t_greedy,t_random_greedy,t_modern,t_hopcroft
er,50,50,100,21,0.0084,0.42,3,0.4636,0.7366666666666666,0.01,0,50010787,14,14,14,14.0,14.0,8.840988783890563,case1,14,0.0,0.0,6.180180614534743,72,720,720,832,0.5,4,93,1.0,1.0,1.0,0.0,0.0,5.1000097300857306e-06,2.7000060072168708e-06,0.0025293000071542338,0.0005151999939698726
er,50,50,100,21,0.0084,0.42,2,0.3436,0.6680952380952381,0.01,1,50020787,17,17,17,17.0,17.0,10.170350977288496,case1,17,0.0,0.0,2.0470748124869633,66,660,660,796,0.5,4,93,1.0,1.0,1.0,0.0,0.0,4.6000059228390455e-06,3.000008291564882e-06,0.0023244000039994717,0.00011809999705292284
er,50,50,100,19,0.0076,0.38,2,0.2756,0.6578947368421053,0.01,2,50030787,17,17,17,17.0,17.0,9.959356526147936,case1,17,0.0,0.0,0.00953215037092292,66,660,660,796,0.5,4,93,1.0,1.0,1.0,0.0,0.0,4.0000013541430235e-06,2.4000037228688598e-06,0.002172499996959232,9.48999950196594e-05
er,50,50,100,18,0.0072,0.36,3,0.3904,0.7561111111111112,0.01,3,50040787,13,11,12,11.0,11.0,8.463752304684709,case1,11,0.0,0.0,19.507825665729285,78,780,780,868,0.5,4,93,0.8461538461538461,0.9230769230769231,0.8461538461538461,-2.0,-0.15384615384615385,4.1000021155923605e-06,2.0999868866056204e-06,0.004201699994155206,0.00022110001009423286
er,50,50,100,26,0.0104,0.52,3,0.4096,0.6034615384615385,0.01,4,50050787,21,20,21,20.0,20.0,12.270178670663693,case1,20,0.0,0.0,5.354242047981847,60,600,600,760,0.5,4,93,0.9523809523809523,1.0,0.9523809523809523,-1.0,-0.047619047619047616,1.5300000086426735e-05,4.0000013541430235e-06,0.002749999999650754,0.00015259999781847
er,50,50,100,133,0.0532,2.66,8,2.2044,0.3051879699248121,0.05,0,50050787,44,37,35,33.0,33.0,31.601779327586897,case1,33,0.0,0.0,118.49758675787945,34,340,340,604,0.5,4,93,0.8409090909090909,0.7954545454545454,0.75,-11.0,-0.25,1.0400006431154907e-05,7.499998901039362e-06,0.02013259999512229,0.00024780000967439264
er,50,50,100,139,0.0556,2.78,7,2.1116,0.28741007194244594,0.05,1,50060787,46,38,38,40.0,40.0,30.16376840467082,case1,40,0.0,0.0,65.0129451196542,20,200,200,520,0.5,4,93,0.8260869565217391,0.8260869565217391,0.8695652173913043,-6.0,-0.13043478260869565,1.0399991879239678e-05,8.000002708286047e-06,0.011753800004953519,0.00029030001314822584
er,50,50,100,129,0.0516,2.58,7,2.6836,0.3527131782945736,0.05,2,50070787,44,38,38,35.0,35.0,32.08735516822793,case1,35,0.0,0.0,111.87301337903988,30,300,300,580,0.5,4,93,0.8636363636363636,0.8636363636363636,0.7954545454545454,-9.0,-0.20454545454545456,1.1399999493733048e-05,9.099996532313526e-06,0.019245899995439686,0.00023790000705048442
er,50,50,100,124,0.0496,2.48,8,2.3296,0.3306451612903225,0.05,3,50080787,41,37,34,38.0,38.0,30.171926648189526,case1,38,0.0,0.0,76.405436587231,24,240,240,544,0.5,4,93,0.9024390243902439,0.8292682926829268,0.926829268292683,-3.0,-0.07317073170731707,9.60000033956021e-06,7.199996616691351e-06,0.009609200002159923,0.00022519999765791
er,50,50,100,121,0.0484,2.42,6,1.9836,0.31404958677685957,0.05,4,50090787,45,39,38,38.0,38.0,33.1039366425984,case1,38,0.0,0.0,104.71942976129243,24,240,240,544,0.5,4,93,0.8666666666666667,0.8444444444444444,0.8444444444444444,-7.0,-0.15555555555555556,1.2899996363557875e-05,8.699993486516178e-06,0.010987799993017688,0.0005071000050520524
er,50,50,100,260,0.104,5.2,12,4.42,0.22296153846153843,0.1,0,50100787,50,45,44,45.0,45.0,34.74672744596753,case1,45,0.0,0.0,80.98564136538799,10,100,100,460,0.5,4,93,0.9,0.88,0.9,-5.0,-0.1,1.5099998563528061e-05,1.1199997970834374e-05,0.012283699994441122,0.00020640000002458692
er,50,50,100,247,0.0988,4.94,12,3.1764,0.19639676113360327,0.1,1,50110787,50,41,43,43.0,43.0,37.40698344720612,case1,43,0.0,0.0,117.98905433467127,14,140,140,484,0.5,4,93,0.82,0.86,0.86,-7.0,-0.14,1.3999990187585354e-05,1.0700008715502918e-05,0.016067700009443797,0.00029569999605882913
er,50,50,100,260,0.104,5.2,11,3.44,0.1970384615384615,0.1,2,50120787,50,43,40,42.0,42.0,36.932879164621795,case1,42,0.0,0.0,119.06755262818663,16,160,160,496,0.5,4,93,0.86,0.8,0.84,-8.0,-0.16,1.340000017080456e-05,1.09999964479357e-05,0.01521080000384245,0.0002570999931776896
er,50,50,100,246,0.0984,4.92,10,3.8735999999999997,0.22113821138211387,0.1,3,50130787,50,43,42,44.0,44.0,35.36823924133251,case1,44,0.0,0.0,92.64434443706034,12,120,120,472,0.5,4,93,0.86,0.84,0.88,-6.0,-0.12,1.6900012269616127e-05,1.1100011761300266e-05,0.013658299998496659,0.0005364999960875139
er,50,50,100,232,0.0928,4.64,10,4.7703999999999995,0.26349137931034483,0.1,4,50140787,50,42,40,45.0,45.0,33.080330733860755,case1,45,0.0,0.0,64.89349119473954,10,100,100,460,0.5,4,93,0.84,0.8,0.9,-5.0,-0.1,1.5400000847876072e-05,1.060000795405358e-05,0.013350399996852502,0.0004910999996354803
er,100,100,200,104,0.0104,1.04,6,1.0384,0.49057692307692324,0.01,0,100010787,60,59,57,57.0,57.0,40.82057618373808,case1,57,0.0,0.0,71.75766236559294,86,860,860,1316,0.5,4,150,0.9833333333333333,0.95,0.95,-3.0,-0.05,1.0899995686486363e-05,8.500006515532732e-06,0.01171349998912774,0.0002615999983390793
er,100,100,200,100,0.01,1.0,4,0.96,0.52725,0.01,1,100020787,53,46,44,50.0,50.0,37.806164128520635,case1,50,0.0,0.0,82.24590424689193,100,1000,1000,1400,0.5,4,150,0.8679245283018868,0.8301886792452831,0.9433962264150944,-3.0,-0.05660377358490566,1.0200004908256233e-05,7.800001185387373e-06,0.009126299992203712,0.00027489999774843454
er,100,100,200,94,0.0094,0.94,4,0.8964,0.5354255319148937,0.01,2,100030787,53,48,46,49.0,49.0,36.082102123073376,case1,49,0.0,0.0,71.2537429926926,102,1020,1020,1412,0.5,4,150,0.9056603773584906,0.8679245283018868,0.9245283018867925,-4.0,-0.07547169811320754,1.4999997802078724e-05,9.099996532313526e-06,0.009524900000542402,0.00025379999715369195
er,100,100,200,113,0.0113,1.13,5,1.0531,0.4807964601769912,0.01,3,100040787,58,52,51,55.0,55.0,40.75249050320498,case1,55,0.0,0.0,82.41387737119204,90,900,900,1340,0.5,4,150,0.896551724137931,0.8793103448275862,0.9482758620689655,-3.0,-0.05172413793103448,1.0400006431154907e-05,7.800001185387373e-06,0.012797600007615983,0.0002972000074805692
er,100,100,200,87,0.0087,0.87,4,0.7830999999999999,0.5291379310344828,0.01,4,100050787,53,49,48,52.0,52.0,34.88894355212962,case1,52,0.0,0.0,42.76102182807894,96,960,960,1376,0.5,4,150,0.9245283018867925,0.9056603773584906,0.9811320754716981,-1.0,-0.018867924528301886,7.199996616691351e-06,6.699992809444666e-06,0.00867909999215044,0.00025019999884534627
er,100,100,200,444,0.0444,4.44,10,3.6164,0.23932432432432438,0.05,0,100050787,100,85,85,84.0,84.0,73.76683683641657,case1,84,0.0,0.0,237.17983481800056,32,320,320,992,0.5,4,150,0.85,0.85,0.84,-16.0,-0.16,2.989999484270811e-05,5.5500000598840415e-05,0.025627700000768527,0.0011553000076673925
er,100,100,200,447,0.0447,4.47,11,4.4491,0.26322147651006733,0.05,1,100060787,98,84,81,86.0,86.0,67.8986345312264,case1,86,0.0,0.0,169.19775195125922,28,280,280,968,0.5,4,150,0.8571428571428571,0.826530612244898,0.8775510204081632,-12.0,-0.12244897959183673,2.1899992134422064e-05,1.610000617802143e-05,0.02152330000535585,0.0005837999924551696
er,100,100,200,500,0.05,5.0,11,4.67,0.24008000000000007,0.05,2,100070787,100,87,84,83.0,83.0,75.83030097157123,case1,83,0.0,0.0,262.76326146973634,34,340,340,1004,0.5,4,150,0.87,0.84,0.83,-17.0,-0.17,2.339998900424689e-05,2.0499996026046574e-05,0.031608400007826276,0.0005708000098820776
er,100,100,200,506,0.0506,5.06,12,5.0364,0.24871541501976302,0.05,3,100080787,98,84,80,88.0,88.0,67.98527401074598,case1,88,0.0,0.0,158.7207082782469,24,240,240,944,0.5,4,150,0.8571428571428571,0.8163265306122449,0.8979591836734694,-10.0,-0.10204081632653061,2.8399997972883284e-05,2.1700005163438618e-05,0.02093559999775607,0.0009698000067146495
er,100,100,200,484,0.0484,4.84,11,4.8044,0.25421487603305803,0.05,4,100090787,99,85,83,87.0,87.0,67.3006885935161,case1,87,0.0,0.0,157.76662093222225,26,260,260,956,0.5,4,150,0.8585858585858586,0.8383838383838383,0.8787878787878788,-12.0,-0.12121212121212122,2.5899993488565087e-05,2.2100008209235966e-05,0.02352640000754036,0.000542300011147745
er,100,100,200,993,0.0993,9.93,22,8.5651,0.16346928499496483,0.1,0,100100787,100,93,91,94.0,94.0,64.03023316455186,case1,94,0.0,0.0,86.58632977880683,12,120,120,872,0.5,4,150,0.93,0.91,0.94,-6.0,-0.06,3.2800002372823656e-05,3.1799994758330286e-05,0.04600339999888092,0.0007259999983943999
er,100,100,200,980,0.098,9.8,17,7.36,0.1557653061224491,0.1,1,100110787,100,95,93,94.0,94.0,65.29421072050559,case1,94,0.0,0.0,98.79237681128163,12,120,120,872,0.5,4,150,0.95,0.93,0.94,-6.0,-0.06,4.259998968336731e-05,3.160000778734684e-05,0.04054040000482928,0.0007213000062620267
er,100,100,200,967,0.0967,9.67,17,8.7511,0.17113753877973115,0.1,2,100120787,100,92,92,94.0,94.0,65.59756533393448,case1,94,0.0,0.0,101.72182809907558,12,120,120,872,0.5,4,150,0.92,0.92,0.94,-6.0,-0.06,3.2100011594593525e-05,2.579999272711575e-05,0.024662499999976717,0.0006119000026956201
er,100,100,200,984,0.0984,9.84,17,8.5544,0.1676219512195123,0.1,3,100130787,100,94,87,94.0,94.0,65.44588802722004,case1,94,0.0,0.0,100.25710245517858,12,120,120,872,0.5,4,150,0.94,0.87,0.94,-6.0,-0.06,3.720000677276403e-05,3.070000093430281e-05,0.030056999996304512,0.0007372999971266836
er,100,100,200,1028,0.1028,10.28,19,8.3316,0.15804961089494185,0.1,4,100140787,100,95,92,92.0,92.0,69.86086402679439,case1,92,0.0,0.0,154.20559069705988,16,160,160,896,0.5,4,150,0.95,0.92,0.92,-8.0,-0.08,3.500000457279384e-05,2.7700007194653153e-05,0.04028729999845382,0.0005988999910186976
er,250,250,500,628,0.010048,2.512,9,2.409856,0.3393280254777069,0.01,0,250010787,219,184,182,190.0,190.0,153.94759192011298,case1,190,0.0,0.0,411.8471498293099,120,1200,1200,2720,0.5,4,278,0.8401826484018264,0.8310502283105022,0.867579908675799,-29.0,-0.1324200913242009,4.2499988921917975e-05,3.609999839682132e-05,0.0436282000009669,0.001484699998400174
er,250,250,500,627,0.010032,2.508,8,2.509936,0.3470845295055822,0.01,1,250020787,215,184,171,191.0,191.0,153.06192851333472,case1,191,0.0,0.0,397.63757314645085,118,1180,1180,2708,0.5,4,278,0.8558139534883721,0.7953488372093023,0.8883720930232558,-24.0,-0.11162790697674418,4.020000051241368e-05,2.920000406447798e-05,0.0403018999932101,0.0010930999997071922
er,250,250,500,651,0.010416,2.604,9,2.203184,0.3121935483870968,0.01,2,250030787,227,193,189,192.0,192.0,163.90877083995008,case1,192,0.0,0.0,496.7270943123078,116,1160,1160,2696,0.5,4,278,0.8502202643171806,0.8325991189427313,0.8458149779735683,-35.0,-0.15418502202643172,3.2499985536560416e-05,3.0499999411404133e-05,0.0464944999985164,0.0013942999939899892
er,250,250,500,634,0.010144,2.536,8,2.4767040000000002,0.3425678233438485,0.01,3,250040787,220,189,179,192.0,192.0,150.05633101738115,case1,192,0.0,0.0,362.9561019458956,116,1160,1160,2696,0.5,4,278,0.8590909090909091,0.8136363636363636,0.8727272727272727,-28.0,-0.12727272727272726,4.359999729786068e-05,0.0001016000023810193,0.036441299991565756,0.0012231000000610948
er,250,250,500,632,0.010112,2.528,10,2.565216,0.34829746835443043,0.01,4,250050787,214,183,179,189.0,189.0,150.72158926430646,case1,189,0.0,0.0,386.3509666232031,122,1220,1220,2732,0.5,4,278,0.8551401869158879,0.8364485981308412,0.883177570093458,-25.0,-0.11682242990654206,4.4200001866556704e-05,3.0800001695752144e-05,0.044036299994331785,0.0011088000028394163
er,250,250,500,3138,0.050208,12.552,25,11.843296,0.15245825366475452,0.05,0,250050787,250,239,233,237.0,237.0,163.63847664276844,case1,237,0.0,0.0,239.55846141848411,26,260,260,2156,0.5,4,278,0.956,0.932,0.948,-13.0,-0.052,0.00023530000180471689,9.079999290406704e-05,0.0855087999952957,0.0018437999970046803
er,250,250,500,3128,0.050048,12.512,23,11.841856,0.15389514066496157,0.05,1,250060787,250,239,229,235.0,235.0,162.0061235173522,case1,235,0.0,0.0,235.1087737016208,30,300,300,2180,0.5,4,278,0.956,0.916,0.94,-15.0,-0.06,9.080000745598227e-05,0.00010010000551119447,0.08957650000229478,0.0023539999965578318
er,250,250,500,3211,0.051376,12.844,24,11.811664,0.1499134226097789,0.05,2,250070787,250,236,233,235.0,235.0,165.60929284722502,case1,235,0.0,0.0,269.9040547564438,30,300,300,2180,0.5,4,278,0.944,0.932,0.94,-15.0,-0.06,9.220000356435776e-05,9.699999645818025e-05,0.08404260000679642,0.0018126999930245802
er,250,250,500,3132,0.050112,12.528,27,12.233216,0.15697062579821197,0.05,3,250080787,250,238,230,234.0,234.0,166.46046241119637,case1,234,0.0,0.0,283.78052942681165,32,320,320,2192,0.5,4,278,0.952,0.92,0.936,-16.0,-0.064,0.00010550000297371298,8.710000838618726e-05,0.08720019999600481,0.0018004000012297183
er,250,250,500,3197,0.051152,12.788,24,12.399056,0.15492899593368792,0.05,4,250090787,250,236,233,237.0,237.0,160.7721820298584,case1,237,0.0,0.0,211.87907210550702,26,260,260,2156,0.5,4,278,0.944,0.932,0.948,-13.0,-0.052,9.06000059330836e-05,7.9699995694682e-05,0.09077879998949356,0.0069221000012476
er,250,250,500,6275,0.1004,25.1,43,23.11,0.10722199203187244,0.1,0,250100787,250,244,242,246.0,246.0,148.0322938764522,case1,246,0.0,0.0,37.94014080779709,8,80,80,2048,0.5,4,278,0.976,0.968,0.984,-4.0,-0.016,0.00016969999705906957,0.00015439999697264284,0.09867979999398813,0.0029097000078763813
er,250,250,500,6199,0.099184,24.796,41,20.742384,0.10403097273753836,0.1,1,250110787,250,243,243,245.0,245.0,148.90027918879196,case1,245,0.0,0.0,51.9790027092544,10,100,100,2060,0.5,4,278,0.972,0.972,0.98,-5.0,-0.02,0.00018740000086836517,0.00017329999536741525,0.10620490000292193,0.0032085999991977587
er,250,250,500,6168,0.098688,24.672,40,22.116416,0.1072273022049286,0.1,2,250120787,250,242,237,243.0,243.0,151.95837006339164,case1,243,0.0,0.0,92.82424906595115,14,140,140,2084,0.5,4,278,0.968,0.948,0.972,-7.0,-0.028,0.00016610001330263913,0.00015150000399444252,0.14580220000061672,0.0031633000035071746
er,250,250,500,6188,0.099008,24.752,39,22.906496,0.10964867485455732,0.1,3,250130787,250,243,244,243.0,243.0,152.70717390099188,case1,243,0.0,0.0,100.05533858711699,14,140,140,2084,0.5,4,278,0.972,0.976,0.972,-7.0,-0.028,0.00027119999867863953,0.0001618000096641481,0.1309527999983402,0.002835499995853752
er,250,250,500,6324,0.101184,25.296,39,21.672384,0.1036818469323213,0.1,4,250140787,250,245,242,243.0,243.0,152.33277198219176,case1,243,0.0,0.0,96.43979382653406,14,140,140,2084,0.5,4,278,0.98,0.968,0.972,-7.0,-0.028,0.00015579999308101833,0.00022729999909643084,0.1498324000131106,0.0030990000086603686
powerlaw,50,50,100,25,0.01,0.5,7,1.43,0.8432,0.01,0,50010787,9,8,8,7.0,7.0,5.0804781292077905,case1,7,0.0,0.0,9.463457065046692,86,860,860,916,0.5,4,93,0.8888888888888888,0.8888888888888888,0.7777777777777778,-2.0,-0.2222222222222222,3.6999990697950125e-06,2.0000006770715117e-06,0.004153500005486421,0.00014689999807160348
powerlaw,50,50,100,25,0.01,0.5,8,1.73,0.8584,0.01,1,50020787,8,8,7,6.0,6.0,4.1122863379224475,case1,6,0.0,0.0,5.770624300541572,88,880,880,928,0.5,4,93,1.0,0.875,0.75,-2.0,-0.25,3.2999960239976645e-06,2.3000029614195228e-06,0.006858399996417575,0.00015789999451953918
powerlaw,50,50,100,25,0.01,0.5,8,1.49,0.8295999999999999,0.01,2,50030787,10,9,9,8.0,8.0,5.718571398943243,case1,8,0.0,0.0,9.968576518971604,84,840,840,904,0.5,4,93,0.9,0.9,0.8,-2.0,-0.2,3.3999967854470015e-06,2.2000021999701858e-06,0.003772999989450909,0.00013690000923816115
powerlaw,50,50,100,25,0.01,0.5,9,1.79,0.8435999999999999,0.01,3,50040787,8,6,7,7.0,7.0,5.647017668869967,case1,7,0.0,0.0,14.93444682613884,86,860,860,916,0.5,4,93,0.75,0.875,0.875,-1.0,-0.125,2.900007530115545e-06,1.7999991541728377e-06,0.005451099990750663,0.00017339999612886459
powerlaw,50,50,100,25,0.01,0.5,10,2.07,0.8580000000000001,0.01,4,50050787,8,7,8,7.0,7.0,4.9186096893043105,case1,7,0.0,0.0,7.900317133306077,86,860,860,916,0.5,4,93,0.875,1.0,0.875,-1.0,-0.125,4.7000066842883825e-06,2.4000037228688598e-06,0.004739500000141561,0.00015659999917261302
powerlaw,50,50,100,125,0.05,2.5,24,17.61,0.67136,0.05,0,50050787,23,17,19,20.0,20.0,15.023355847187933,case1,20,0.0,0.0,31.94127276470539,60,600,600,760,0.5,4,93,0.7391304347826086,0.8260869565217391,0.8695652173913043,-3.0,-0.13043478260869565,7.499998901039362e-06,6.600006599910557e-06,0.016374200000427663,0.00021230000129435211
powerlaw,50,50,100,125,0.05,2.5,24,18.25,0.6968000000000001,0.05,1,50060787,19,17,14,13.0,13.0,12.158422980093404,case1,13,0.0,0.0,43.873013379039854,74,740,740,844,0.5,4,93,0.8947368421052632,0.7368421052631579,0.6842105263157895,-6.0,-0.3157894736842105,6.299989763647318e-06,4.9000082071870565e-06,0.025615099992137402,0.00017139999545179307
powerlaw,50,50,100,125,0.05,2.5,24,16.65,0.6756800000000001,0.05,2,50070787,21,17,18,17.0,17.0,16.289190060364774,case1,17,0.0,0.0,61.13581201385215,66,660,660,796,0.5,4,93,0.8095238095238095,0.8571428571428571,0.8095238095238095,-4.0,-0.19047619047619047,8.000002708286047e-06,6.300004315562546e-06,0.015835700003663078,0.00020249999943189323
powerlaw,50,50,100,125,0.05,2.5,24,17.85,0.6731199999999999,0.05,3,50080787,21,16,18,17.0,17.0,13.264936260683395,case1,17,0.0,0.0,31.931033856855564,66,660,660,796,0.5,4,93,0.7619047619047619,0.8571428571428571,0.8095238095238095,-4.0,-0.19047619047619047,7.800001185387373e-06,5.900001269765198e-06,0.017472300009103492,0.00019999999494757503
powerlaw,50,50,100,125,0.05,2.5,26,18.73,0.71296,0.05,4,50090787,17,14,11,13.0,13.0,11.263552041587708,case1,13,0.0,0.0,35.231375153783894,74,740,740,844,0.5,4,93,0.8235294117647058,0.6470588235294118,0.7647058823529411,-4.0,-0.23529411764705882,7.099995855242014e-06,4.799992893822491e-06,0.018031300001894124,0.00019759999122470617
powerlaw,50,50,100,250,0.1,5.0,41,46.16,0.54088,0.1,0,50100787,35,27,28,27.0,27.0,23.890144274197052,case1,27,0.0,0.0,77.96857651897162,46,460,460,676,0.5,4,93,0.7714285714285715,0.8,0.7714285714285715,-8.0,-0.22857142857142856,1.1900003300979733e-05,8.300004992634058e-06,0.03743839998787735,0.00031600000511389226
powerlaw,50,50,100,250,0.1,5.0,37,43.78,0.5673600000000001,0.1,1,50110787,33,26,26,27.0,27.0,22.934484314592233,case1,27,0.0,0.0,68.7399075769921,46,460,460,676,0.5,4,93,0.7878787878787878,0.7878787878787878,0.8181818181818182,-6.0,-0.18181818181818182,1.0700008715502918e-05,8.800008799880743e-06,0.030471999998553656,0.0003015000111190602
powerlaw,50,50,100,250,0.1,5.0,41,46.56,0.55152,0.1,2,50120787,32,25,23,25.0,25.0,22.612190612019777,case1,25,0.0,0.0,76.9412727647054,50,500,500,700,0.5,4,93,0.78125,0.71875,0.78125,-7.0,-0.21875,1.3700002455152571e-05,1.0700008715502918e-05,0.04153790000418667,0.00024130000383593142
powerlaw,50,50,100,250,0.1,5.0,40,45.52,0.55416,0.1,3,50130787,34,25,28,24.0,24.0,23.062998353949432,case1,24,0.0,0.0,86.95151167255523,52,520,520,712,0.5,4,93,0.7352941176470589,0.8235294117647058,0.7058823529411765,-10.0,-0.29411764705882354,1.2300006346777081e-05,1.0000003385357559e-05,0.03770349999831524,0.0003156000020680949
powerlaw,50,50,100,250,0.1,5.0,38,45.28,0.5565599999999999,0.1,4,50140787,35,29,26,26.0,26.0,23.771585080134336,case1,26,0.0,0.0,82.48052191146307,48,480,480,688,0.5,4,93,0.8285714285714286,0.7428571428571429,0.7428571428571429,-9.0,-0.2571428571428571,1.2500007869675756e-05,1.030000566970557e-05,0.040222399999038316,0.0002592000091681257
powerlaw,100,100,200,100,0.01,1.0,23,6.97,0.81955,0.01,0,100010787,21,19,17,18.0,18.0,13.968444147646455,case1,18,0.0,0.0,33.06785273513381,164,1640,1640,1784,0.5,4,150,0.9047619047619048,0.8095238095238095,0.8571428571428571,-3.0,-0.14285714285714285,7.499998901039362e-06,4.999994416721165e-06,0.01779050000186544,0.0002734000008786097
powerlaw,100,100,200,100,0.01,1.0,25,7.97,0.8246,0.01,1,100020787,21,18,18,18.0,18.0,13.347819571548806,case1,18,0.0,0.0,27.074571660105814,164,1640,1640,1784,0.5,4,150,0.8571428571428571,0.8571428571428571,0.8571428571428571,-3.0,-0.14285714285714285,6.400005077011883e-06,5.199995939619839e-06,0.017230199999175966,0.0002803999959724024
powerlaw,100,100,200,100,0.01,1.0,24,7.76,0.8280000000000001,0.01,2,100030787,18,16,15,16.0,16.0,13.078889016987095,case1,16,0.0,0.0,35.791256990452965,168,1680,1680,1808,0.5,4,150,0.8888888888888888,0.8333333333333334,0.8888888888888888,-2.0,-0.1111111111111111,7.000009645707905e-06,4.699992132373154e-06,0.016858699993463233,0.0003245999978389591
powerlaw,100,100,200,100,0.01,1.0,26,9.19,0.8268000000000002,0.01,3,100040787,18,16,16,16.0,16.0,12.659573159892718,case1,16,0.0,0.0,31.741984873991594,168,1680,1680,1808,0.5,4,150,0.8888888888888888,0.8888888888888888,0.8888888888888888,-2.0,-0.1111111111111111,7.099995855242014e-06,4.5000051613897085e-06,0.021665599997504614,0.0001908999984152615
powerlaw,100,100,200,100,0.01,1.0,21,6.6,0.8327,0.01,4,100050787,21,19,18,17.0,17.0,11.336173681811156,case1,17,0.0,0.0,13.305254750811297,166,1660,1660,1796,0.5,4,150,0.9047619047619048,0.8571428571428571,0.8095238095238095,-4.0,-0.19047619047619047,8.699993486516178e-06,5.199995939619839e-06,0.01458259999344591,0.0003328000020701438
powerlaw,100,100,200,500,0.05,5.0,65,77.61,0.6408,0.05,0,100050787,55,45,48,44.0,44.0,37.98782610584006,case1,44,0.0,0.0,117.9413129814944,112,1120,1120,1472,0.5,4,150,0.8181818181818182,0.8727272727272727,0.8,-11.0,-0.2,1.9699989934451878e-05,1.580000389367342e-05,0.06343959999503568,0.00047900000936351717
powerlaw,100,100,200,500,0.05,5.0,67,84.48,0.6456600000000001,0.05,1,100060787,47,39,37,37.0,37.0,33.162099424567806,case1,37,0.0,0.0,110.93795351900837,126,1260,1260,1556,0.5,4,150,0.8297872340425532,0.7872340425531915,0.7872340425531915,-10.0,-0.2127659574468085,2.0499996026046574e-05,1.720000000204891e-05,0.08639170000969898,0.0004309999931138009
powerlaw,100,100,200,500,0.05,5.0,72,84.8,0.6372800000000001,0.05,2,100070787,49,41,38,39.0,39.0,34.12633359614774,case1,39,0.0,0.0,108.93571387735105,122,1220,1220,1532,0.5,4,150,0.8367346938775511,0.7755102040816326,0.7959183673469388,-10.0,-0.20408163265306123,2.200000744778663e-05,1.7300000763498247e-05,0.09773080000013579,0.0004712999943876639
powerlaw,100,100,200,500,0.05,5.0,75,88.05,0.6406800000000001,0.05,3,100080787,49,40,40,38.0,38.0,36.32987891365029,case1,38,0.0,0.0,135.871884090117,124,1240,1240,1544,0.5,4,150,0.8163265306122449,0.8163265306122449,0.7755102040816326,-11.0,-0.22448979591836735,2.0899999071843922e-05,1.9099999917671084e-05,0.07827129999350291,0.0005472000048030168
powerlaw,100,100,200,500,0.05,5.0,70,81.9,0.64012,0.05,4,100090787,52,41,38,43.0,43.0,37.77566679530332,case1,43,0.0,0.0,121.5493756914608,114,1140,1140,1484,0.5,4,150,0.7884615384615384,0.7307692307692307,0.8269230769230769,-9.0,-0.17307692307692307,2.239999594166875e-05,1.889999839477241e-05,0.07518810000328813,0.0005090999911772087
powerlaw,100,100,200,1000,0.1,10.0,94,204.37,0.560365,0.1,0,100100787,71,53,52,49.63969449572153,47.0,49.63969449572153,case2,47,0.0,0.0,213.49114500837007,106,1436,1060,1436,0.5,4,150,0.7464788732394366,0.7323943661971831,0.6991506267003033,-21.36030550427847,-0.3008493732996968,3.2099997042678297e-05,2.5900008040480316e-05,0.15605390000564512,0.000779200010583736
powerlaw,100,100,200,1000,0.1,10.0,96,200.81,0.545995,0.1,1,100110787,77,59,58,60.0,60.0,55.383071789623116,case1,60,0.0,0.0,195.4149971920207,80,800,800,1280,0.5,4,150,0.7662337662337663,0.7532467532467533,0.7792207792207793,-17.0,-0.22077922077922077,3.3499993151053786e-05,2.8399997972883284e-05,0.12337590000242926,0.0007484000088879839
powerlaw,100,100,200,1000,0.1,10.0,94,201.71,0.5485600000000002,0.1,2,100120787,74,56,59,58.0,58.0,55.45924189620986,case1,58,0.0,0.0,207.46426930848207,84,840,840,1304,0.5,4,150,0.7567567567567568,0.7972972972972973,0.7837837837837838,-16.0,-0.21621621621621623,3.850000211969018e-05,2.6599998818710446e-05,0.11355439999897499,0.0007297999982256442
powerlaw,100,100,200,1000,0.1,10.0,92,194.54,0.549185,0.1,3,100130787,79,57,56,60.0,60.0,54.863565418001755,case1,60,0.0,0.0,190.3981998795907,80,800,800,1280,0.5,4,150,0.7215189873417721,0.7088607594936709,0.759493670886076,-19.0,-0.24050632911392406,3.650000144261867e-05,2.7099988074041903e-05,0.11051129999395926,0.0007225000008475035
powerlaw,100,100,200,1000,0.1,10.0,96,202.03,0.548505,0.1,4,100140787,71,55,56,57.0,57.0,53.7920009001587,case1,57,0.0,0.0,197.02082026032977,86,860,860,1316,0.5,4,150,0.7746478873239436,0.7887323943661971,0.8028169014084507,-14.0,-0.19718309859154928,3.259998629800975e-05,2.5500004994682968e-05,0.1308422000001883,0.0007066999969538301
powerlaw,250,250,500,625,0.01,2.5,103,64.006,0.7762944,0.01,0,250010787,66,57,55,54.0,54.0,43.416695653982345,case1,54,0.0,0.0,113.79857245248827,392,3920,3920,4352,0.5,4,278,0.8636363636363636,0.8333333333333334,0.8181818181818182,-12.0,-0.18181818181818182,3.4900003811344504e-05,2.5500004994682968e-05,0.10495839999930467,0.0009149999968940392
powerlaw,250,250,500,625,0.01,2.5,98,63.382,0.7918752,0.01,1,250020787,57,47,47,50.0,50.0,41.24946850179001,case1,50,0.0,0.0,115.49739271619403,400,4000,4000,4400,0.5,4,278,0.8245614035087719,0.8245614035087719,0.8771929824561403,-7.0,-0.12280701754385964,2.7300004148855805e-05,2.2400010493583977e-05,0.10176510000019334,0.0008472000045003369
powerlaw,250,250,500,625,0.01,2.5,94,61.402,0.7895871999999999,0.01,2,250030787,61,53,47,47.0,47.0,41.3773414226525,case1,47,0.0,0.0,133.702805623897,406,4060,4060,4436,0.5,4,278,0.8688524590163934,0.7704918032786885,0.7704918032786885,-14.0,-0.22950819672131148,2.8099995688535273e-05,2.1499989088624716e-05,0.10027159999299329,0.0008262000046670437
powerlaw,250,250,500,625,0.01,2.5,95,60.43,0.7815711999999999,0.01,3,250040787,60,53,48,49.0,49.0,41.18324557144234,case1,49,0.0,0.0,120.51474177934462,402,4020,4020,4412,0.5,4,278,0.8833333333333333,0.8,0.8166666666666667,-11.0,-0.18333333333333332,2.929999027401209e-05,2.340000355616212e-05,0.11170639999909326,0.0009413000079803169
powerlaw,250,250,500,625,0.01,2.5,105,65.898,0.7947776,0.01,4,250050787,61,49,51,50.0,50.0,40.775178163194866,case1,50,0.0,0.0,110.91724004443832,400,4000,4000,4400,0.5,4,278,0.8032786885245902,0.8360655737704918,0.819672131147541,-11.0,-0.18032786885245902,3.1800009310245514e-05,2.7700007194653153e-05,0.10308970000187401,0.001275199989322573
powerlaw,250,250,500,3125,0.05,12.5,234,600.034,0.6193004799999999,0.05,0,250050787,159,117,123,116.0,116.0,111.62242542363725,case1,116,0.0,0.0,421.7264003497818,268,2680,2680,3608,0.5,4,278,0.7358490566037735,0.7735849056603774,0.7295597484276729,-43.0,-0.27044025157232704,9.760000102687627e-05,9.180000051856041e-05,0.47221179999178275,0.002156500006094575
powerlaw,250,250,500,3125,0.05,12.5,233,606.914,0.61784,0.05,1,250060787,157,127,121,116.0,116.0,106.04793297734896,case1,116,0.0,0.0,367.8943392810795,268,2680,2680,3608,0.5,4,278,0.8089171974522293,0.7707006369426752,0.7388535031847133,-41.0,-0.2611464968152866,0.00010280001151841134,8.869999146554619e-05,0.5097448000014992,0.0020930000027874485
powerlaw,250,250,500,3125,0.05,12.5,241,597.702,0.61930752,0.05,2,250070787,161,124,121,120.0,120.0,116.78285578540007,case1,120,0.0,0.0,448.93250722001085,260,2600,2600,3560,0.5,4,278,0.7701863354037267,0.7515527950310559,0.7453416149068323,-41.0,-0.2546583850931677,9.200000204145908e-05,8.800000068731606e-05,0.44869559998915065,0.0018389000033494085
powerlaw,250,250,500,3125,0.05,12.5,236,595.766,0.62095744,0.05,3,250080787,168,128,131,129.0,129.0,118.78175549035558,case1,129,0.0,0.0,417.32390208468814,242,2420,2420,3452,0.5,4,278,0.7619047619047619,0.7797619047619048,0.7678571428571429,-39.0,-0.23214285714285715,9.960000170394778e-05,8.759999764151871e-05,0.3932492000021739,0.002271000004839152
powerlaw,250,250,500,3125,0.05,12.5,229,585.958,0.61311424,0.05,4,250090787,159,123,119,116.0,116.0,113.9559338895254,case1,116,0.0,0.0,444.26075149482,268,2680,2680,3608,0.5,4,278,0.7735849056603774,0.7484276729559748,0.7295597484276729,-43.0,-0.27044025157232704,9.410000347997993e-05,8.480000542476773e-05,0.49010089998773765,0.0020064999989699572
powerlaw,250,250,500,6250,0.1,25.0,250,1320.916,0.54066528,0.1,0,250100787,230,163,169,159.41103315130792,159.0,159.41103315130792,case2,159,0.0,0.0,639.9692872338901,182,3092,1820,3092,0.5,4,278,0.7086956521739131,0.7347826086956522,0.6930914484839474,-70.58896684869208,-0.3069085515160525,0.00031550000130664557,0.00015300000086426735,0.641932700003963,0.004921999992802739
powerlaw,250,250,500,6250,0.1,25.0,250,1286.56,0.5336889600000001,0.1,1,250110787,240,169,170,171.0,171.0,167.39709964334264,case1,171,0.0,0.0,649.2073163803161,158,1580,1580,2948,0.5,4,278,0.7041666666666667,0.7083333333333334,0.7125,-69.0,-0.2875,0.00015799999528098851,0.0001740000006975606,0.4937089000013657,0.00480329999118112
powerlaw,250,250,500,6250,0.1,25.0,250,1295.28,0.5405398400000001,0.1,2,250120787,234,164,174,169.0,169.0,164.88457862896985,case1,169,0.0,0.0,636.2579756447159,162,1620,1620,2972,0.5,4,278,0.7008547008547008,0.7435897435897436,0.7222222222222222,-65.0,-0.2777777777777778,0.00017220000154338777,0.00015750000602565706,0.5227465000061784,0.004902499989839271
powerlaw,250,250,500,6250,0.1,25.0,250,1310.6,0.5394943999999999,0.1,3,250130787,229,164,165,165.0,165.0,160.6344982686197,case1,165,0.0,0.0,617.8429860541538,170,1700,1700,3020,0.5,4,278,0.7161572052401747,0.7205240174672489,0.7205240174672489,-64.0,-0.2794759825327511,0.00017839999054558575,0.00018929998623207211,0.5795251000090502,0.00460340001154691
powerlaw,250,250,500,6250,0.1,25.0,250,1313.996,0.53927776,0.1,4,250140787,232,169,165,163.89415866037103,161.0,163.89415866037103,case2,161,0.0,0.0,671.9484683581093,178,3068,1780,3068,0.5,4,278,0.728448275862069,0.7112068965517241,0.7064403390533234,-68.10584133962897,-0.29355966094667657,0.00017120000848080963,0.00016090000281110406,0.5779977000056533,0.004728300002170727
sqrtreg,50,50,100,400,0.16,8.0,15,3.5,0.11640000000000006,0.0,0,50000787,50,44,46,46.0,46.0,33.69898565382614,case1,46,0.0,0.0,65.21089733808424,8,80,80,448,0.5,4,93,0.88,0.92,0.92,-4.0,-0.08,1.4000004739500582e-05,1.1500000255182385e-05,0.01818049998837523,0.00028330000350251794
sqrtreg,50,50,100,400,0.16,8.0,14,2.76,0.0987499999999999,0.0,1,50010787,50,47,47,47.0,47.0,33.30331214033522,case1,47,0.0,0.0,55.733081638425524,6,60,60,436,0.5,4,93,0.94,0.94,0.94,-3.0,-0.06,1.4300007023848593e-05,1.239999255631119e-05,0.013226399998529814,0.0002609999937703833
sqrtreg,50,50,100,400,0.16,8.0,13,4.18,0.12517500000000004,0.0,2,50020787,50,47,43,48.0,48.0,31.264214509920336,case1,48,0.0,0.0,30.38495877153133,4,40,40,424,0.5,4,93,0.94,0.86,0.96,-2.0,-0.04,1.889999839477241e-05,1.2899996363557875e-05,0.011541500003659166,0.00042949999624397606
sqrtreg,50,50,100,400,0.16,8.0,14,2.56,0.09840000000000004,0.0,3,50030787,50,46,46,47.0,47.0,32.53284664035796,case1,47,0.0,0.0,48.292808600882864,6,60,60,436,0.5,4,93,0.92,0.92,0.94,-3.0,-0.06,1.8699996871873736e-05,1.340000017080456e-05,0.016369899996789172,0.001847099993028678
sqrtreg,50,50,100,400,0.16,8.0,13,2.62,0.09937499999999999,0.0,4,50040787,50,44,45,48.0,48.0,30.477491481044474,case1,48,0.0,0.0,22.787689146957952,4,40,40,424,0.5,4,93,0.88,0.9,0.96,-2.0,-0.04,1.819999306462705e-05,1.3499986380338669e-05,0.012148599998909049,0.0003546999942045659
sqrtreg,100,100,200,1000,0.1,10.0,19,4.68,0.10021000000000013,0.0,0,100000787,100,93,92,95.0,95.0,63.01969712187975,case1,95,0.0,0.0,71.17087625137121,10,100,100,860,0.5,4,150,0.93,0.92,0.95,-5.0,-0.05,4.9299997044727206e-05,3.260000084992498e-05,0.026582399994367734,0.0012483000027714297
sqrtreg,100,100,200,1000,0.1,10.0,18,4.47,0.09926000000000013,0.0,1,100010787,100,92,93,95.0,95.0,64.86464050859755,case1,95,0.0,0.0,88.98722563546976,10,100,100,860,0.5,4,150,0.92,0.93,0.95,-5.0,-0.05,3.2500000088475645e-05,2.9300004825927317e-05,0.031630600002245046,0.0005247999943094328
sqrtreg,100,100,200,1000,0.1,10.0,19,4.9,0.1104400000000001,0.0,2,100020787,100,91,92,93.0,93.0,66.92629902922465,case1,93,0.0,0.0,120.21006998037456,14,140,140,884,0.5,4,150,0.91,0.92,0.93,-7.0,-0.07,3.5599994589574635e-05,2.8000009479001164e-05,0.040162699995562434,0.00067559999297373
sqrtreg,100,100,200,1000,0.1,10.0,21,4.87,0.10140000000000016,0.0,3,100030787,100,95,90,94.0,94.0,66.9626610943645,case1,94,0.0,0.0,114.90435889414834,12,120,120,872,0.5,4,150,0.95,0.9,0.94,-6.0,-0.06,3.3500007702969015e-05,2.7699992642737925e-05,0.040396000011241995,0.0006315999926300719
sqrtreg,100,100,200,1000,0.1,10.0,16,4.56,0.10267500000000007,0.0,4,100040787,100,92,91,94.0,94.0,65.74924264064893,case1,94,0.0,0.0,103.18655374297255,12,120,120,872,0.5,4,150,0.92,0.91,0.94,-6.0,-0.06,3.599999763537198e-05,2.8599999495781958e-05,0.03451219999988098,0.0005729999975301325
sqrtreg,250,250,500,4000,0.064,16.0,27,5.94,0.0714665000000001,0.0,0,250000787,250,236,235,239.0,239.0,158.74215139524998,case1,239,0.0,0.0,180.96165364610385,22,220,220,2132,0.5,4,278,0.944,0.94,0.956,-11.0,-0.044,0.00011589999485295266,9.410000347997993e-05,0.10240259999409318,0.002289500000188127
sqrtreg,250,250,500,4000,0.064,16.0,27,7.032,0.07941949999999998,0.0,1,250010787,250,237,237,238.0,238.0,157.3608507078885,case1,238,0.0,0.0,173.27948848302265,24,240,240,2144,0.5,4,278,0.948,0.948,0.952,-12.0,-0.048,0.00011039999662898481,8.919999527279288e-05,0.11116139999649022,0.0018975999992107973
sqrtreg,250,250,500,4000,0.064,16.0,27,7.632,0.0837969999999999,0.0,2,250020787,250,237,237,242.0,242.0,154.31375862243476,case1,242,0.0,0.0,121.22674733104485,16,160,160,2096,0.5,4,278,0.948,0.948,0.968,-8.0,-0.032,0.00010630000906530768,9.289999434258789e-05,0.07852539999294095,0.00236169999698177
sqrtreg,250,250,500,4000,0.064,16.0,25,6.8,0.07989299999999999,0.0,3,250030787,250,236,241,241.0,241.0,156.1717172233331,case1,241,0.0,0.0,144.8256369910032,18,180,180,2108,0.5,4,278,0.944,0.964,0.964,-9.0,-0.036,0.00011380000796634704,9.299999510403723e-05,0.08590320000075735,0.00430410000262782
sqrtreg,250,250,500,4000,0.064,16.0,27,8.68,0.08996399999999993,0.0,4,250040787,250,235,241,239.0,239.0,158.81875647115032,case1,239,0.0,0.0,181.70141769884498,22,220,220,2132,0.5,4,278,0.94,0.964,0.956,-11.0,-0.044,0.00011820001236628741,0.00010119999933522195,0.08334300000569783,0.002079600002616644
